{
    "id": "b368354d-7d39-49bc-8c0e-6a7068573f6d",
    "started_at": "2026-02-07T17:18:56.753547",
    "finished_at": "2026-02-07T19:00:17.383405",
    "n_total_trials": 89,
    "stats": {
        "n_trials": 89,
        "n_errors": 10,
        "evals": {
            "icrl-zeroshot__terminal-bench": {
                "n_trials": 79,
                "n_errors": 10,
                "metrics": [
                    {
                        "mean": 0.3146067415730337
                    }
                ],
                "reward_stats": {
                    "reward": {
                        "1.0": [
                            "model-extraction-relu-logits__4xHDhhV",
                            "chess-best-move__GUXU4CH",
                            "mcmc-sampling-stan__oEqxukN",
                            "modernize-scientific-stack__s7qe3wQ",
                            "mailman__z8BCBBu",
                            "extract-elf__2Qjkgid",
                            "distribution-search__5EaXaEz",
                            "hf-model-inference__dhYcFav",
                            "sqlite-with-gcov__sMgcHP3",
                            "gcode-to-text__Dn6aHVf",
                            "constraints-scheduling__CcTudQv",
                            "code-from-image__kMdqbve",
                            "configure-git-webserver__tXSDQvm",
                            "cancel-async-tasks__WHKUBks",
                            "pypi-server__GwQ2NeA",
                            "log-summary-date-ranges__pjytQcH",
                            "db-wal-recovery__s98s33E",
                            "large-scale-text-editing__oVKMftq",
                            "multi-source-data-merger__unEmZGe",
                            "sanitize-git-repo__BLfpLEs",
                            "fix-code-vulnerability__uAwm2jk",
                            "bn-fit-modify__QZm56Pc",
                            "prove-plus-comm__WUh3xbE",
                            "vulnerable-secret__9dBYCeC",
                            "openssl-selfsigned-cert__tzxra2p",
                            "regex-log__RqL4N9Q",
                            "nginx-request-logging__2fYdeTU",
                            "fix-git__6dHJaVy"
                        ],
                        "0.0": [
                            "crack-7z-hash__QrkWA4i",
                            "cobol-modernization__2p4rLbJ",
                            "largest-eigenval__am6WuNT",
                            "custom-memory-heap-crash__q8fAMk3",
                            "gpt2-codegolf__sWkH8gW",
                            "financial-document-processor__EMFBzs8",
                            "protein-assembly__oS79g3n",
                            "feal-linear-cryptanalysis__33VQwVr",
                            "schemelike-metacircular-eval__V5MHNQG",
                            "fix-ocaml-gc__ygJ3cFh",
                            "polyglot-c-py__Knw9AMt",
                            "raman-fitting__skvZaaz",
                            "path-tracing__Y9sfSxj",
                            "make-doom-for-mips__LqWyBaS",
                            "torch-pipeline-parallelism__8dSbwxJ",
                            "adaptive-rejection-sampler__58DNLrN",
                            "qemu-startup__ghtJR35",
                            "winning-avg-corewars__V27npKG",
                            "kv-store-grpc__coahxrV",
                            "qemu-alpine-ssh__uqLAKuX",
                            "portfolio-optimization__fgdms3X",
                            "feal-differential-cryptanalysis__irQMQd7",
                            "pytorch-model-cli__FXxeiAN",
                            "count-dataset-tokens__RVFfojU",
                            "sam-cell-seg__VyfY2dB",
                            "build-cython-ext__XWanBx4",
                            "rstan-to-pystan__BUhj5zR",
                            "build-pov-ray__kSmuptj",
                            "dna-insert__fYrTaMP",
                            "train-fasttext__8KsA2Eg",
                            "break-filter-js-from-html__XeSUJ9A",
                            "compile-compcert__rj7qitL",
                            "video-processing__vXnNBmU",
                            "circuit-fibsqrt__FfVbHL8",
                            "dna-assembly__X9utppg",
                            "git-multibranch__iYbzfd4",
                            "caffe-cifar-10__D7Zw6oA",
                            "merge-diff-arc-agi-task__hV4irkw",
                            "password-recovery__K4GTTbo",
                            "path-tracing-reverse__PYGTmQ7",
                            "build-pmars__7UAoUQd",
                            "git-leak-recovery__2Jon7rm",
                            "reshard-c4-data__uiFhD5T",
                            "extract-moves-from-video__K9EU2AX",
                            "install-windows-3.11__v63Vxu2",
                            "tune-mjcf__VZCwMrP",
                            "sqlite-db-truncate__Me4NNiQ",
                            "headless-terminal__ShUYv87",
                            "make-mips-interpreter__ieDk2R9",
                            "sparql-university__ScJ2rxV",
                            "regex-chess__DgJcMpL"
                        ]
                    }
                },
                "exception_stats": {
                    "AuthenticationError": [
                        "llm-inference-batching-scheduler__qB8uXCk",
                        "write-compressor__mqTRvuA",
                        "torch-tensor-parallelism__ogLvzpY",
                        "overfull-hbox__mJKHbjd",
                        "polyglot-rust-c__VwbCprq",
                        "query-optimize__Zw5fBew",
                        "filter-js-from-html__BuakvGS"
                    ],
                    "RuntimeError": [
                        "mteb-retrieve__33NU8SL",
                        "mteb-leaderboard__ZELMJg9",
                        "pytorch-model-recovery__YAU4zK3"
                    ]
                }
            }
        }
    }
}