{
    "id": "704bfdb2-d72e-43bc-985e-cd41491d90c1",
    "started_at": "2026-02-08T11:15:59.166228",
    "finished_at": "2026-02-08T12:29:43.570620",
    "n_total_trials": 89,
    "stats": {
        "n_trials": 89,
        "n_errors": 6,
        "evals": {
            "icrl-train__terminal-bench": {
                "n_trials": 83,
                "n_errors": 6,
                "metrics": [
                    {
                        "mean": 0.34831460674157305
                    }
                ],
                "reward_stats": {
                    "reward": {
                        "0.0": [
                            "reshard-c4-data__8YahoRH",
                            "caffe-cifar-10__HvRtEkj",
                            "cobol-modernization__6nu9J4r",
                            "extract-moves-from-video__TL27TJV",
                            "gpt2-codegolf__LKvVAxh",
                            "protein-assembly__NG2RtYy",
                            "build-pov-ray__zQvtcWa",
                            "raman-fitting__Xn6SVJC",
                            "mailman__DLJHpDd",
                            "dna-assembly__UKhPkDk",
                            "feal-linear-cryptanalysis__KC3Jm4W",
                            "circuit-fibsqrt__J9VQp8G",
                            "train-fasttext__JYFjLjX",
                            "regex-chess__2q5pm6h",
                            "git-multibranch__6B7wMYT",
                            "headless-terminal__nWj3s7i",
                            "build-pmars__AqNYEXn",
                            "qemu-startup__5o3TG7W",
                            "polyglot-c-py__AoeSWPs",
                            "overfull-hbox__tBeEXX4",
                            "pypi-server__zeEnA2p",
                            "rstan-to-pystan__wExChWH",
                            "torch-pipeline-parallelism__272G3yd",
                            "custom-memory-heap-crash__9b79Soj",
                            "sam-cell-seg__tAZTPdG",
                            "merge-diff-arc-agi-task__aXQQrVy",
                            "break-filter-js-from-html__HnLvF92",
                            "kv-store-grpc__ogzGLBs",
                            "build-cython-ext__oENuDUS",
                            "install-windows-3.11__to565sT",
                            "git-leak-recovery__sRBPr2D",
                            "sparql-university__wcB5pyq",
                            "sanitize-git-repo__SkZUgWK",
                            "feal-differential-cryptanalysis__apXGpsz",
                            "compile-compcert__az8epsS",
                            "largest-eigenval__LZvHGBd",
                            "make-doom-for-mips__premtLx",
                            "adaptive-rejection-sampler__izNwWfE",
                            "video-processing__mCb9w8S",
                            "dna-insert__riL3FUb",
                            "winning-avg-corewars__SDNWbf9",
                            "financial-document-processor__pLYgNsG",
                            "tune-mjcf__MsfUYX9",
                            "llm-inference-batching-scheduler__NiKiVjG",
                            "path-tracing__e4gAYEi",
                            "fix-ocaml-gc__MKHAhQh",
                            "sqlite-with-gcov__WiXzJPc",
                            "make-mips-interpreter__KLFyr6a",
                            "path-tracing-reverse__yQvCa2V",
                            "schemelike-metacircular-eval__aXVwHm8",
                            "qemu-alpine-ssh__GFPRLh7",
                            "db-wal-recovery__6d5RNLz"
                        ],
                        "1.0": [
                            "multi-source-data-merger__vZeftgh",
                            "gcode-to-text__9cUyRA8",
                            "code-from-image__3MdmNB2",
                            "distribution-search__LbRqmkS",
                            "torch-tensor-parallelism__i8s2jKj",
                            "cancel-async-tasks__AG2BgPn",
                            "portfolio-optimization__CWfxJBz",
                            "extract-elf__mqQzZzd",
                            "vulnerable-secret__KjeDyUz",
                            "count-dataset-tokens__snxQ3Lr",
                            "password-recovery__UtGWhUo",
                            "fix-git__a482WE7",
                            "configure-git-webserver__EuTRpt9",
                            "constraints-scheduling__6miin5a",
                            "sqlite-db-truncate__4EtHb56",
                            "hf-model-inference__nUDB9GN",
                            "fix-code-vulnerability__trwKY4X",
                            "modernize-scientific-stack__u9j2RkS",
                            "regex-log__vLzNjcN",
                            "bn-fit-modify__EZFAHYU",
                            "large-scale-text-editing__JPCE3Q5",
                            "mcmc-sampling-stan__jws3dt3",
                            "pytorch-model-cli__qkhUnGt",
                            "log-summary-date-ranges__uWU4fYs",
                            "chess-best-move__uZEW5n8",
                            "nginx-request-logging__ugSN27L",
                            "pytorch-model-recovery__bCPWjgm",
                            "prove-plus-comm__48msaAY",
                            "crack-7z-hash__Be7WCiR",
                            "openssl-selfsigned-cert__ULroYAF",
                            "query-optimize__swjX6Sf"
                        ]
                    }
                },
                "exception_stats": {
                    "CancelledError": [
                        "filter-js-from-html__XZXBg3H",
                        "mteb-leaderboard__a4YLZii"
                    ],
                    "AuthenticationError": [
                        "write-compressor__5ByM3yp",
                        "polyglot-rust-c__bWsQYEN",
                        "model-extraction-relu-logits__WjYmean"
                    ],
                    "RuntimeError": [
                        "mteb-retrieve__YSaQdyB"
                    ]
                }
            }
        }
    }
}