{
    "id": "a7c0ac1e-eb57-4aeb-9dd5-31007c4df362",
    "task_name": "write-compressor",
    "trial_name": "write-compressor__5ByM3yp",
    "trial_uri": "file:///Users/asanshaygupta/Documents/Codes/Stanford/Research/sgicl/jobs/icrl-50steps/write-compressor__5ByM3yp",
    "task_id": {
        "git_url": "https://github.com/laude-institute/terminal-bench-2.git",
        "git_commit_id": "69671fbaac6d67a7ef0dfec016cc38a64ef7a77c",
        "path": "write-compressor"
    },
    "source": "terminal-bench",
    "task_checksum": "1b2f5f4e1df7950c0bfc0f9e1c2cc75072a0d6fe22b74755469d87bfeb3a57c0",
    "config": {
        "task": {
            "path": "write-compressor",
            "git_url": "https://github.com/laude-institute/terminal-bench-2.git",
            "git_commit_id": "69671fbaac6d67a7ef0dfec016cc38a64ef7a77c",
            "overwrite": false,
            "download_dir": null,
            "source": "terminal-bench"
        },
        "trial_name": "write-compressor__5ByM3yp",
        "trials_dir": "jobs/icrl-50steps",
        "timeout_multiplier": 3.0,
        "agent": {
            "name": null,
            "import_path": "icrl.harbor.agents:ICRLTrainAgent",
            "model_name": null,
            "override_timeout_sec": null,
            "override_setup_timeout_sec": null,
            "max_timeout_sec": null,
            "kwargs": {}
        },
        "environment": {
            "type": "docker",
            "import_path": null,
            "force_build": false,
            "delete": true,
            "override_cpus": null,
            "override_memory_mb": null,
            "override_storage_mb": null,
            "override_gpus": null,
            "kwargs": {}
        },
        "verifier": {
            "override_timeout_sec": null,
            "max_timeout_sec": null,
            "disable": false
        },
        "job_id": "704bfdb2-d72e-43bc-985e-cd41491d90c1"
    },
    "agent_info": {
        "name": "icrl-train",
        "version": "0.1.0",
        "model_info": null
    },
    "agent_result": {
        "n_input_tokens": null,
        "n_cache_tokens": null,
        "n_output_tokens": null,
        "cost_usd": null,
        "rollout_details": null,
        "metadata": {
            "icrl_success": false,
            "icrl_plan": null,
            "icrl_steps": 0,
            "icrl_mode": "train",
            "trajectory": []
        }
    },
    "verifier_result": null,
    "exception_info": {
        "exception_type": "AuthenticationError",
        "exception_message": "litellm.AuthenticationError: AuthenticationError: OpenAIException - The api_key client option must be set either by passing api_key to the client or by setting the OPENAI_API_KEY environment variable",
        "exception_traceback": "Traceback (most recent call last):\n  File \"/Users/asanshaygupta/Documents/Codes/Stanford/Research/sgicl/.venv/lib/python3.12/site-packages/litellm/llms/openai/openai.py\", line 797, in acompletion\n    openai_aclient: AsyncOpenAI = self._get_openai_client(  # type: ignore\n                                  ^^^^^^^^^^^^^^^^^^^^^^^^^^^^^^^^^^^^^^^^\n  File \"/Users/asanshaygupta/Documents/Codes/Stanford/Research/sgicl/.venv/lib/python3.12/site-packages/litellm/llms/openai/openai.py\", line 384, in _get_openai_client\n    _new_client: Union[OpenAI, AsyncOpenAI] = AsyncOpenAI(\n                                              ^^^^^^^^^^^^\n  File \"/Users/asanshaygupta/Documents/Codes/Stanford/Research/sgicl/.venv/lib/python3.12/site-packages/openai/_client.py\", line 449, in __init__\n    raise OpenAIError(\nopenai.OpenAIError: The api_key client option must be set either by passing api_key to the client or by setting the OPENAI_API_KEY environment variable\n\nDuring handling of the above exception, another exception occurred:\n\nTraceback (most recent call last):\n  File \"/Users/asanshaygupta/Documents/Codes/Stanford/Research/sgicl/.venv/lib/python3.12/site-packages/litellm/main.py\", line 599, in acompletion\n    response = await init_response\n               ^^^^^^^^^^^^^^^^^^^\n  File \"/Users/asanshaygupta/Documents/Codes/Stanford/Research/sgicl/.venv/lib/python3.12/site-packages/litellm/llms/openai/openai.py\", line 870, in acompletion\n    raise OpenAIError(\nlitellm.llms.openai.common_utils.OpenAIError: The api_key client option must be set either by passing api_key to the client or by setting the OPENAI_API_KEY environment variable\n\nDuring handling of the above exception, another exception occurred:\n\nTraceback (most recent call last):\n  File \"/Users/asanshaygupta/Documents/Codes/Stanford/Research/sgicl/.venv/lib/python3.12/site-packages/harbor/trial/trial.py\", line 343, in run\n    await self._execute_agent()\n  File \"/Users/asanshaygupta/Documents/Codes/Stanford/Research/sgicl/.venv/lib/python3.12/site-packages/harbor/trial/trial.py\", line 229, in _execute_agent\n    await asyncio.wait_for(\n  File \"/opt/homebrew/Caskroom/miniforge/base/lib/python3.12/asyncio/tasks.py\", line 520, in wait_for\n    return await fut\n           ^^^^^^^^^\n  File \"/Users/asanshaygupta/Documents/Codes/Stanford/Research/sgicl/src/icrl/harbor/agents.py\", line 328, in run\n    trajectory = await agent.train(adapter, instruction)\n                 ^^^^^^^^^^^^^^^^^^^^^^^^^^^^^^^^^^^^^^^\n  File \"/Users/asanshaygupta/Documents/Codes/Stanford/Research/sgicl/src/icrl/agent.py\", line 114, in train\n    trajectory = await self._loop.run(env, goal)\n                 ^^^^^^^^^^^^^^^^^^^^^^^^^^^^^^^\n  File \"/Users/asanshaygupta/Documents/Codes/Stanford/Research/sgicl/src/icrl/loop.py\", line 77, in run\n    plan = await self._generate_plan(goal, examples)\n           ^^^^^^^^^^^^^^^^^^^^^^^^^^^^^^^^^^^^^^^^^\n  File \"/Users/asanshaygupta/Documents/Codes/Stanford/Research/sgicl/src/icrl/loop.py\", line 139, in _generate_plan\n    return await self._llm.complete(messages)\n           ^^^^^^^^^^^^^^^^^^^^^^^^^^^^^^^^^^\n  File \"/Users/asanshaygupta/Documents/Codes/Stanford/Research/sgicl/src/icrl/providers/litellm.py\", line 192, in complete\n    response = await litellm.acompletion(**kwargs)\n               ^^^^^^^^^^^^^^^^^^^^^^^^^^^^^^^^^^^\n  File \"/Users/asanshaygupta/Documents/Codes/Stanford/Research/sgicl/.venv/lib/python3.12/site-packages/litellm/utils.py\", line 1642, in wrapper_async\n    raise e\n  File \"/Users/asanshaygupta/Documents/Codes/Stanford/Research/sgicl/.venv/lib/python3.12/site-packages/litellm/utils.py\", line 1488, in wrapper_async\n    result = await original_function(*args, **kwargs)\n             ^^^^^^^^^^^^^^^^^^^^^^^^^^^^^^^^^^^^^^^^\n  File \"/Users/asanshaygupta/Documents/Codes/Stanford/Research/sgicl/.venv/lib/python3.12/site-packages/litellm/main.py\", line 618, in acompletion\n    raise exception_type(\n          ^^^^^^^^^^^^^^^\n  File \"/Users/asanshaygupta/Documents/Codes/Stanford/Research/sgicl/.venv/lib/python3.12/site-packages/litellm/litellm_core_utils/exception_mapping_utils.py\", line 2328, in exception_type\n    raise e\n  File \"/Users/asanshaygupta/Documents/Codes/Stanford/Research/sgicl/.venv/lib/python3.12/site-packages/litellm/litellm_core_utils/exception_mapping_utils.py\", line 449, in exception_type\n    raise AuthenticationError(\nlitellm.exceptions.AuthenticationError: litellm.AuthenticationError: AuthenticationError: OpenAIException - The api_key client option must be set either by passing api_key to the client or by setting the OPENAI_API_KEY environment variable\n",
        "occurred_at": "2026-02-08T11:17:40.830502"
    },
    "started_at": "2026-02-08T11:15:59.259268",
    "finished_at": "2026-02-08T11:17:51.105126",
    "environment_setup": {
        "started_at": "2026-02-08T11:15:59.260587",
        "finished_at": "2026-02-08T11:17:39.031491"
    },
    "agent_setup": {
        "started_at": "2026-02-08T11:17:39.031619",
        "finished_at": "2026-02-08T11:17:39.031698"
    },
    "agent_execution": {
        "started_at": "2026-02-08T11:17:39.031746",
        "finished_at": "2026-02-08T11:17:40.825878"
    },
    "verifier": null
}