{
    "id": "125dc4b7-76a1-4915-b3b2-a85cdc255ade",
    "task_name": "mteb-leaderboard",
    "trial_name": "mteb-leaderboard__a4YLZii",
    "trial_uri": "file:///Users/asanshaygupta/Documents/Codes/Stanford/Research/sgicl/jobs/icrl-50steps/mteb-leaderboard__a4YLZii",
    "task_id": {
        "git_url": "https://github.com/laude-institute/terminal-bench-2.git",
        "git_commit_id": "69671fbaac6d67a7ef0dfec016cc38a64ef7a77c",
        "path": "mteb-leaderboard"
    },
    "source": "terminal-bench",
    "task_checksum": "8c2f8d63470a11b27a25e2630e407a5eb9e9fbeda599d3df7f9bc5f2f7aeff20",
    "config": {
        "task": {
            "path": "mteb-leaderboard",
            "git_url": "https://github.com/laude-institute/terminal-bench-2.git",
            "git_commit_id": "69671fbaac6d67a7ef0dfec016cc38a64ef7a77c",
            "overwrite": false,
            "download_dir": null,
            "source": "terminal-bench"
        },
        "trial_name": "mteb-leaderboard__a4YLZii",
        "trials_dir": "jobs/icrl-50steps",
        "timeout_multiplier": 3.0,
        "agent": {
            "name": null,
            "import_path": "icrl.harbor.agents:ICRLTrainAgent",
            "model_name": null,
            "override_timeout_sec": null,
            "override_setup_timeout_sec": null,
            "max_timeout_sec": null,
            "kwargs": {}
        },
        "environment": {
            "type": "docker",
            "import_path": null,
            "force_build": false,
            "delete": true,
            "override_cpus": null,
            "override_memory_mb": null,
            "override_storage_mb": null,
            "override_gpus": null,
            "kwargs": {}
        },
        "verifier": {
            "override_timeout_sec": null,
            "max_timeout_sec": null,
            "disable": false
        },
        "job_id": "704bfdb2-d72e-43bc-985e-cd41491d90c1"
    },
    "agent_info": {
        "name": "icrl-train",
        "version": "0.1.0",
        "model_info": null
    },
    "agent_result": null,
    "verifier_result": null,
    "exception_info": {
        "exception_type": "CancelledError",
        "exception_message": "",
        "exception_traceback": "Traceback (most recent call last):\n  File \"/Users/asanshaygupta/Documents/Codes/Stanford/Research/sgicl/.venv/lib/python3.12/site-packages/harbor/trial/trial.py\", line 339, in run\n    await self._setup_environment()\n  File \"/Users/asanshaygupta/Documents/Codes/Stanford/Research/sgicl/.venv/lib/python3.12/site-packages/harbor/trial/trial.py\", line 181, in _setup_environment\n    await self._start_environment_with_retry()\n  File \"/Users/asanshaygupta/Documents/Codes/Stanford/Research/sgicl/.venv/lib/python3.12/site-packages/tenacity/asyncio/__init__.py\", line 189, in async_wrapped\n    return await copy(fn, *args, **kwargs)\n           ^^^^^^^^^^^^^^^^^^^^^^^^^^^^^^^\n  File \"/Users/asanshaygupta/Documents/Codes/Stanford/Research/sgicl/.venv/lib/python3.12/site-packages/tenacity/asyncio/__init__.py\", line 111, in __call__\n    do = await self.iter(retry_state=retry_state)\n         ^^^^^^^^^^^^^^^^^^^^^^^^^^^^^^^^^^^^^^^^\n  File \"/Users/asanshaygupta/Documents/Codes/Stanford/Research/sgicl/.venv/lib/python3.12/site-packages/tenacity/asyncio/__init__.py\", line 153, in iter\n    result = await action(retry_state)\n             ^^^^^^^^^^^^^^^^^^^^^^^^^\n  File \"/Users/asanshaygupta/Documents/Codes/Stanford/Research/sgicl/.venv/lib/python3.12/site-packages/tenacity/_utils.py\", line 99, in inner\n    return call(*args, **kwargs)\n           ^^^^^^^^^^^^^^^^^^^^^\n  File \"/Users/asanshaygupta/Documents/Codes/Stanford/Research/sgicl/.venv/lib/python3.12/site-packages/tenacity/__init__.py\", line 400, in <lambda>\n    self._add_action_func(lambda rs: rs.outcome.result())\n                                     ^^^^^^^^^^^^^^^^^^^\n  File \"/opt/homebrew/Caskroom/miniforge/base/lib/python3.12/concurrent/futures/_base.py\", line 449, in result\n    return self.__get_result()\n           ^^^^^^^^^^^^^^^^^^^\n  File \"/opt/homebrew/Caskroom/miniforge/base/lib/python3.12/concurrent/futures/_base.py\", line 401, in __get_result\n    raise self._exception\n  File \"/Users/asanshaygupta/Documents/Codes/Stanford/Research/sgicl/.venv/lib/python3.12/site-packages/tenacity/asyncio/__init__.py\", line 114, in __call__\n    result = await fn(*args, **kwargs)\n             ^^^^^^^^^^^^^^^^^^^^^^^^^\n  File \"/Users/asanshaygupta/Documents/Codes/Stanford/Research/sgicl/.venv/lib/python3.12/site-packages/harbor/trial/trial.py\", line 193, in _start_environment_with_retry\n    await asyncio.wait_for(\n  File \"/opt/homebrew/Caskroom/miniforge/base/lib/python3.12/asyncio/tasks.py\", line 520, in wait_for\n    return await fut\n           ^^^^^^^^^\n  File \"/Users/asanshaygupta/Documents/Codes/Stanford/Research/sgicl/src/icrl/harbor/docker_workarounds.py\", line 142, in patched_start\n    await original_start(self, force_build)\n  File \"/Users/asanshaygupta/Documents/Codes/Stanford/Research/sgicl/.venv/lib/python3.12/site-packages/harbor/environments/docker/docker.py\", line 208, in start\n    await self._run_docker_compose_command([\"up\", \"-d\"])\n  File \"/Users/asanshaygupta/Documents/Codes/Stanford/Research/sgicl/.venv/lib/python3.12/site-packages/harbor/environments/docker/docker.py\", line 162, in _run_docker_compose_command\n    stdout_bytes, stderr_bytes = await process.communicate()\n                                 ^^^^^^^^^^^^^^^^^^^^^^^^^^^\n  File \"/opt/homebrew/Caskroom/miniforge/base/lib/python3.12/asyncio/subprocess.py\", line 201, in communicate\n    stdin, stdout, stderr = await tasks.gather(stdin, stdout, stderr)\n                            ^^^^^^^^^^^^^^^^^^^^^^^^^^^^^^^^^^^^^^^^^\n  File \"/opt/homebrew/Caskroom/miniforge/base/lib/python3.12/asyncio/subprocess.py\", line 181, in _read_stream\n    output = await stream.read()\n             ^^^^^^^^^^^^^^^^^^^\n  File \"/opt/homebrew/Caskroom/miniforge/base/lib/python3.12/asyncio/streams.py\", line 706, in read\n    block = await self.read(self._limit)\n            ^^^^^^^^^^^^^^^^^^^^^^^^^^^^\n  File \"/opt/homebrew/Caskroom/miniforge/base/lib/python3.12/asyncio/streams.py\", line 713, in read\n    await self._wait_for_data('read')\n  File \"/opt/homebrew/Caskroom/miniforge/base/lib/python3.12/asyncio/streams.py\", line 545, in _wait_for_data\n    await self._waiter\nasyncio.exceptions.CancelledError\n",
        "occurred_at": "2026-02-08T02:03:32.404921"
    },
    "started_at": "2026-02-08T02:02:54.285842",
    "finished_at": "2026-02-08T02:03:32.467849",
    "environment_setup": {
        "started_at": "2026-02-08T02:02:54.287472",
        "finished_at": "2026-02-08T02:03:32.390614"
    },
    "agent_setup": null,
    "agent_execution": null,
    "verifier": null
}